arm,dataset,seed,round,family,config_id,cv_accuracy,shap_consistency,complexity,fitness_selected
A4,can_ids,1,6,dnn,dnn-aea8ecebfa,0.9991333333333333,0.8739495798319328,52737.0,0.7617515406162465
A4,can_ids,1,5,dnn,dnn-95637dade4,0.9991666666666666,0.8337452628110067,52737.0,0.7497069121766353
A4,can_ids,1,6,dnn,dnn-95637dade4,0.9991666666666666,0.8337452628110067,52737.0,0.7497069121766353
A4,can_ids,1,6,dnn,dnn-95637dade4,0.9991666666666666,0.8337452628110067,52737.0,0.7497069121766353
A4,can_ids,1,4,dnn,dnn-40c51e39ff,0.9764333333333334,0.8208930631075959,36225.0,0.7344845855989455
A4,can_ids,1,4,dnn,dnn-40c51e39ff,0.9764333333333334,0.8208930631075959,36225.0,0.7344845855989455
A4,can_ids,1,4,dnn,dnn-40c51e39ff,0.9764333333333334,0.8208930631075959,36225.0,0.7344845855989455
A4,can_ids,1,4,dnn,dnn-40c51e39ff,0.9764333333333334,0.8208930631075959,36225.0,0.7344845855989455
A4,can_ids,1,6,dnn,dnn-40c51e39ff,0.9764333333333334,0.8208930631075959,36225.0,0.7344845855989455
A4,can_ids,1,5,dnn,dnn-40c51e39ff,0.9764333333333334,0.8208930631075959,36225.0,0.7344845855989455
A4,can_ids,1,5,dnn,dnn-40c51e39ff,0.9764333333333334,0.8208930631075959,36225.0,0.7344845855989455
A4,can_ids,1,5,dnn,dnn-40c51e39ff,0.9764333333333334,0.8208930631075959,36225.0,0.7344845855989455
A4,can_ids,1,6,dnn,dnn-40c51e39ff,0.9764333333333334,0.8208930631075959,36225.0,0.7344845855989455
A4,can_ids,1,6,dnn,dnn-40c51e39ff,0.9764333333333334,0.8208930631075959,36225.0,0.7344845855989455
A4,can_ids,1,3,dnn,dnn-40c51e39ff,0.9764333333333334,0.8208930631075959,36225.0,0.7344845855989455
A4,can_ids,1,5,dnn,dnn-40c51e39ff,0.9764333333333334,0.8208930631075959,36225.0,0.7344845855989455
A4,can_ids,1,5,dnn,dnn-40c51e39ff,0.9764333333333334,0.8208930631075959,36225.0,0.7344845855989455
A4,can_ids,1,5,dnn,dnn-5e05f0c80b,0.9704666666666667,0.8269896193771626,36225.0,0.7333302191464821
A4,can_ids,1,6,dnn,dnn-7ad24e5724,0.9555000000000001,0.8456088317680013,19713.0,0.7314326495304004
A4,can_ids,1,4,dnn,dnn-7ad24e5724,0.9555000000000001,0.8456088317680013,19713.0,0.7314326495304004
A4,can_ids,1,5,dnn,dnn-7ad24e5724,0.9555000000000001,0.8456088317680013,19713.0,0.7314326495304004
A4,can_ids,1,4,dnn,dnn-7ad24e5724,0.9555000000000001,0.8456088317680013,19713.0,0.7314326495304004
A4,can_ids,1,3,dnn,dnn-7ad24e5724,0.9555000000000001,0.8456088317680013,19713.0,0.7314326495304004
A4,can_ids,1,2,dnn,dnn-7ad24e5724,0.9555000000000001,0.8456088317680013,19713.0,0.7314326495304004
A4,can_ids,1,4,dnn,dnn-31fb689be9,0.9607333333333333,0.8246828143021914,36225.0,0.7277715109573241
