dataset,seed,arm,round,population_size,best_fitness,mean_fitness,std_fitness,best_family,best_accuracy,best_shap_consistency,best_complexity,running_best_fitness
can_ids,0,A0,1,12,0.5466724285321496,0.45111328183951477,0.047733563081614784,dnn,0.685,0.865546218487395,1601.0,0.5466724285321496
can_ids,0,A0,2,12,0.5466724285321496,0.4863838880123404,0.03929857531281091,dnn,0.685,0.865546218487395,1601.0,0.5466724285321496
can_ids,0,A0,3,12,0.5699305976668674,0.5163039719015678,0.028567159736010313,dnn,0.6960333333333333,0.8292964244521337,801.0,0.5699305976668674
can_ids,0,A0,4,12,0.5926546543483636,0.5185755161745784,0.044820259283064795,dnn,0.7427666666666667,0.827154391168232,801.0,0.5926546543483636
can_ids,0,A0,5,12,0.5926546543483636,0.5499840717478084,0.02853311131528948,dnn,0.7427666666666667,0.827154391168232,801.0,0.5926546543483636
can_ids,0,A0,6,12,0.6083036332179931,0.5507258984495254,0.054729304907092304,dnn,0.6955,0.8685121107266436,401.0,0.6083036332179931
can_ids,1,A0,1,12,0.5948431858437927,0.4822546733060551,0.06220638798847056,dnn,0.7229666666666666,0.8434667984840996,673.0,0.5948431858437927
can_ids,1,A0,2,12,0.6336771240733031,0.5425346903491605,0.057271455886009494,dnn,0.7666000000000001,0.8670291646070192,529.0,0.6336771240733031
can_ids,1,A0,3,12,0.6336771240733031,0.5729735808581947,0.05782281068158813,dnn,0.7666000000000001,0.8670291646070192,529.0,0.6336771240733031
can_ids,1,A0,4,12,0.6336771240733031,0.6064996294675803,0.020832084702256996,dnn,0.7666000000000001,0.8670291646070192,529.0,0.6336771240733031
can_ids,1,A0,5,12,0.6373030894710825,0.6137484469521407,0.026117236040560234,dnn,0.7621000000000001,0.8541769649036084,401.0,0.6373030894710825
can_ids,1,A0,6,12,0.6373030894710825,0.6150558156901439,0.03150010732658416,dnn,0.7621000000000001,0.8541769649036084,401.0,0.6373030894710825
can_ids,2,A0,1,12,0.5563816637750876,0.47713767557442305,0.05169350353929695,dnn,0.6676000000000001,0.7743776302796341,529.0,0.5563816637750876
can_ids,2,A0,2,12,0.6006101051825103,0.5264637480386545,0.042149599411465004,dnn,0.7091,0.85263910163771,529.0,0.6006101051825103
can_ids,2,A0,3,12,0.6006101051825103,0.5311154511219875,0.062251927928559214,dnn,0.7091,0.85263910163771,529.0,0.6006101051825103
can_ids,2,A0,4,12,0.6083041243990062,0.5539459810214525,0.053754930539914744,dnn,0.7092666666666667,0.8780080545815849,529.0,0.6083041243990062
can_ids,2,A0,5,12,0.6083041243990062,0.5361110237555705,0.05819150521561001,dnn,0.7092666666666667,0.8780080545815849,529.0,0.6083041243990062
can_ids,2,A0,6,12,0.6083041243990062,0.5599029533793379,0.054879987100824326,dnn,0.7092666666666667,0.8780080545815849,529.0,0.6083041243990062
can_ids,0,A1,0,2,0.4890108658462735,0.45392483247632803,0.03508603336994548,dnn,0.6756000000000001,0.8653814466963257,5761.0,0.4890108658462735
can_ids,1,A1,0,2,0.47198993159021807,0.4470148683874746,0.024975063202743453,dnn,0.6727,0.8134783325094743,5761.0,0.47198993159021807
can_ids,2,A1,0,2,0.4781480876816656,0.4446980696278812,0.03345001805378439,dnn,0.6691333333333334,0.8399499639254104,5761.0,0.4781480876816656
can_ids,0,A2,1,12,0.3425,0.30354027777777776,0.023189513572683125,dnn,0.685,,1601.0,0.3425
can_ids,0,A2,2,12,0.37766666666666665,0.31598333333333334,0.023826999935491783,dnn,0.7553333333333333,,13441.0,0.37766666666666665
can_ids,0,A2,3,12,0.37938333333333335,0.3355444444444444,0.028953046546451505,dnn,0.7587666666666667,,13441.0,0.37938333333333335
can_ids,0,A2,4,12,0.3920666666666666,0.3453944444444445,0.034492513501545814,dnn,0.7841333333333332,,13441.0,0.3920666666666666
can_ids,0,A2,5,12,0.3920666666666666,0.35503333333333337,0.027476238050493873,dnn,0.7841333333333332,,13441.0,0.3920666666666666
can_ids,0,A2,6,12,0.3920666666666666,0.3732722222222222,0.008757613971233003,dnn,0.7841333333333332,,13441.0,0.3920666666666666
can_ids,1,A2,1,12,0.48036666666666666,0.3312472222222222,0.04871611635058721,dnn,0.9607333333333333,,36225.0,0.48036666666666666
can_ids,1,A2,2,12,0.4882166666666667,0.37605555555555553,0.07569045463491092,dnn,0.9764333333333334,,36225.0,0.4882166666666667
can_ids,1,A2,3,12,0.4882166666666667,0.39350555555555555,0.06683473236736484,dnn,0.9764333333333334,,36225.0,0.4882166666666667
can_ids,1,A2,4,12,0.4882166666666667,0.44250000000000006,0.061103199740427015,dnn,0.9764333333333334,,36225.0,0.4882166666666667
can_ids,1,A2,5,12,0.4995833333333333,0.4623680555555556,0.04558110468771537,dnn,0.9991666666666666,,52737.0,0.4995833333333333
can_ids,1,A2,6,12,0.4995833333333333,0.45974027777777776,0.04912595039997309,dnn,0.9991666666666666,,52737.0,0.4995833333333333
can_ids,2,A2,1,12,0.3724166666666667,0.31794722222222227,0.02637542331881923,dnn,0.7448333333333333,,3649.0,0.3724166666666667
can_ids,2,A2,2,12,0.3949833333333333,0.3371722222222222,0.028618743318598074,dnn,0.7899666666666666,,3649.0,0.3949833333333333
can_ids,2,A2,3,12,0.3949833333333333,0.354775,0.03629065121681808,dnn,0.7899666666666666,,3649.0,0.3949833333333333
can_ids,2,A2,4,12,0.39810000000000006,0.3703097222222222,0.033069272451603675,dnn,0.7962000000000001,,5761.0,0.39810000000000006
can_ids,2,A2,5,12,0.39810000000000006,0.3537361111111111,0.04094711631942527,dnn,0.7962000000000001,,5761.0,0.39810000000000006
can_ids,2,A2,6,12,0.39810000000000006,0.3776888888888889,0.030719076843205524,dnn,0.7962000000000001,,5761.0,0.39810000000000006
can_ids,0,A3,1,12,0.2870085629859311,0.20370431825408067,0.045781572477800264,dnn,0.685,,1601.0,0.2870085629859311
can_ids,0,A3,2,12,0.2870085629859311,0.23710476459826899,0.03509903505038869,dnn,0.685,,1601.0,0.2870085629859311
can_ids,0,A3,3,12,0.3449499999999999,0.27816142758871415,0.030468381395913763,dnn,0.6898999999999998,,401.0,0.3449499999999999
can_ids,0,A3,4,12,0.36020170802453066,0.2898388459849112,0.053825321500063764,dnn,0.7398666666666666,,529.0,0.36020170802453066
can_ids,0,A3,5,12,0.36020170802453066,0.3250490381172438,0.03252954651044828,dnn,0.7398666666666666,,529.0,0.36020170802453066
can_ids,0,A3,6,12,0.36020170802453066,0.3121751781694883,0.05571332821816937,dnn,0.7398666666666666,,529.0,0.36020170802453066
can_ids,1,A3,1,12,0.34180314629856284,0.23731728658666143,0.0563917963116045,dnn,0.7229666666666666,,673.0,0.34180314629856284
can_ids,1,A3,2,12,0.3735683746911974,0.2855993222449333,0.05200065172074087,dnn,0.7666000000000001,,529.0,0.3735683746911974
can_ids,1,A3,3,12,0.3735683746911974,0.31870946806865,0.05138008983190946,dnn,0.7666000000000001,,529.0,0.3735683746911974
can_ids,1,A3,4,12,0.3735683746911974,0.3461721625909478,0.02561529539295229,dnn,0.7666000000000001,,529.0,0.3735683746911974
can_ids,1,A3,5,12,0.38105000000000006,0.3597092542527225,0.01860453843051164,dnn,0.7621000000000001,,401.0,0.38105000000000006
can_ids,1,A3,6,12,0.38105000000000006,0.3601574070451403,0.030920223951948357,dnn,0.7621000000000001,,401.0,0.38105000000000006
can_ids,2,A3,1,12,0.3240683746911974,0.23808195991182446,0.04888621821916755,dnn,0.6676000000000001,,529.0,0.3240683746911974
can_ids,2,A3,2,12,0.34481837469119736,0.27375085856905185,0.042560470312152245,dnn,0.7091,,529.0,0.34481837469119736
can_ids,2,A3,3,12,0.34490170802453074,0.2882722510068254,0.05452239261426081,dnn,0.7092666666666667,,529.0,0.34490170802453074
can_ids,2,A3,4,12,0.34490170802453074,0.3067954726314057,0.04607791310945955,dnn,0.7092666666666667,,529.0,0.34490170802453074
can_ids,2,A3,5,12,0.34490170802453074,0.293544707420105,0.04998988070037888,dnn,0.7092666666666667,,529.0,0.34490170802453074
can_ids,2,A3,6,12,0.34490170802453074,0.3101317294816159,0.04566576678894576,dnn,0.7092666666666667,,529.0,0.34490170802453074
can_ids,0,A4,1,12,0.6021638655462185,0.550949241363212,0.030397203041664395,dnn,0.685,0.865546218487395,1601.0,0.6021638655462185
can_ids,0,A4,2,12,0.6310527269731422,0.5621389678420387,0.03303596888426044,dnn,0.7553333333333333,0.8446202010215851,13441.0,0.6310527269731422
can_ids,0,A4,3,12,0.6310527269731422,0.5848671898171032,0.029659968302200027,dnn,0.7553333333333333,0.8446202010215851,13441.0,0.6310527269731422
can_ids,0,A4,4,12,0.6410038886142692,0.5935714402427636,0.04005250587430013,dnn,0.7841333333333332,0.8297907398253419,13441.0,0.6410038886142692
can_ids,0,A4,5,12,0.6410038886142692,0.6064273074916241,0.031940474665432185,dnn,0.7841333333333332,0.8297907398253419,13441.0,0.6410038886142692
can_ids,0,A4,6,12,0.6410038886142692,0.6159238411050696,0.03333683476649439,dnn,0.7841333333333332,0.8297907398253419,13441.0,0.6410038886142692
can_ids,1,A4,1,12,0.7277715109573241,0.5761846089416159,0.051539439954380414,dnn,0.9607333333333333,0.8246828143021914,36225.0,0.7277715109573241
can_ids,1,A4,2,12,0.7314326495304004,0.6149460049706157,0.06827395106122383,dnn,0.9555000000000001,0.8456088317680013,19713.0,0.7314326495304004
can_ids,1,A4,3,12,0.7344845855989455,0.6394449991761411,0.06564011674227356,dnn,0.9764333333333334,0.8208930631075959,36225.0,0.7344845855989455
can_ids,1,A4,4,12,0.7344845855989455,0.6907111996759489,0.05936096933007386,dnn,0.9764333333333334,0.8208930631075959,36225.0,0.7344845855989455
can_ids,1,A4,5,12,0.7497069121766353,0.7115418080957873,0.041551457920189806,dnn,0.9991666666666666,0.8337452628110067,52737.0,0.7497069121766353
can_ids,1,A4,6,12,0.7617515406162465,0.707495529192069,0.051223794533015496,dnn,0.9991333333333333,0.8739495798319328,52737.0,0.7617515406162465
can_ids,2,A4,1,12,0.6275158915469282,0.5570029378848208,0.030121250030025637,dnn,0.7448333333333333,0.8503307496008718,3649.0,0.6275158915469282
can_ids,2,A4,2,12,0.6275158915469282,0.5778033165888897,0.029729345012478262,dnn,0.7448333333333333,0.8503307496008718,3649.0,0.6275158915469282
can_ids,2,A4,3,12,0.6313520846631935,0.5908458926935577,0.040192435907816085,dnn,0.7899666666666666,0.7878958377662004,3649.0,0.6313520846631935
can_ids,2,A4,4,12,0.6313520846631935,0.6062140452730307,0.03165194749500968,dnn,0.7899666666666666,0.7878958377662004,3649.0,0.6313520846631935
can_ids,2,A4,5,12,0.6313520846631935,0.590163121134248,0.04034865589846104,dnn,0.7899666666666666,0.7878958377662004,3649.0,0.6313520846631935
can_ids,2,A4,6,12,0.6542498891019131,0.6158952269966032,0.03313292561730491,dnn,0.7955333333333333,0.8549440747841546,1313.0,0.6542498891019131
can_ids,0,A5,0,2,0.33780000000000004,0.32325833333333337,0.014541666666666675,dnn,0.6756000000000001,,5761.0,0.33780000000000004
can_ids,1,A5,0,2,0.33635,0.32375,0.0126,dnn,0.6727,,5761.0,0.33635
can_ids,2,A5,0,2,0.3345666666666667,0.32106666666666667,0.013500000000000012,dnn,0.6691333333333334,,5761.0,0.3345666666666667
can_ids,0,A6,1,12,0.64,0.4788235382714265,0.0837236638729702,dnn,0.68,1.0,81.0,0.64
can_ids,0,A6,2,12,0.64,0.5091940786688385,0.07940999120306232,dnn,0.68,1.0,81.0,0.64
can_ids,0,A6,3,12,0.64,0.5473074197186654,0.06382479264771909,dnn,0.68,1.0,81.0,0.64
can_ids,0,A6,4,12,0.6401166666666667,0.5652416190239445,0.07392753383563958,dnn,0.6802333333333334,1.0,81.0,0.6401166666666667
can_ids,0,A6,5,12,0.6401166666666667,0.5826472299525426,0.06854427051296391,dnn,0.6802333333333334,1.0,81.0,0.6401166666666667
can_ids,0,A6,6,12,0.6410626673620266,0.6245875493833768,0.03792415876430432,dnn,0.8240333333333334,1.0,897.0,0.6410626673620266
can_ids,1,A6,1,12,0.6083156000751864,0.48647941667710803,0.05473164946413274,dnn,0.7987666666666667,0.8333333333333333,353.0,0.6083156000751864
can_ids,1,A6,2,12,0.6757289718383142,0.5466179912690691,0.06739452266726,dnn,1.0,0.6666666666666666,209.0,0.6757289718383142
can_ids,1,A6,3,12,0.6757289718383142,0.588484209330923,0.06684183272329941,dnn,1.0,0.6666666666666666,209.0,0.6757289718383142
can_ids,1,A6,4,12,0.6790460006953598,0.6252880327338405,0.06537215363264551,dnn,1.0,0.8333333333333333,897.0,0.6790460006953598
can_ids,1,A6,5,12,0.6790460006953598,0.6384055827852001,0.0622763664400163,dnn,1.0,0.8333333333333333,897.0,0.6790460006953598
can_ids,1,A6,6,12,0.6790460006953598,0.6486870008065831,0.049967427123320585,dnn,1.0,0.8333333333333333,897.0,0.6790460006953598
can_ids,2,A6,1,12,0.6318456385049809,0.5035309783976004,0.0642722733279613,dnn,0.7122333333333333,1.0,209.0,0.6318456385049809
can_ids,2,A6,2,12,0.6480623051716475,0.5536857411701118,0.07167244884588643,dnn,0.7446666666666667,1.0,209.0,0.6480623051716475
can_ids,2,A6,3,12,0.6480623051716475,0.5796236703904915,0.07591240229936766,dnn,0.7446666666666667,1.0,209.0,0.6480623051716475
can_ids,2,A6,4,12,0.64925,0.6242605938277853,0.028992602689110254,dnn,0.6985,1.0,81.0,0.64925
can_ids,2,A6,5,12,0.6518408869083131,0.5921306592088447,0.07168628339005925,dnn,0.7355,1.0,161.0,0.6518408869083131
can_ids,2,A6,6,12,0.6518408869083131,0.6177479842811544,0.04737208591438141,dnn,0.7355,1.0,161.0,0.6518408869083131
can_ids,0,A7,1,12,0.557694577998383,0.4351641331437397,0.073705074449554,dnn,0.7701666666666666,0.7408424908424909,961.0,0.557694577998383
can_ids,0,A7,2,12,0.557694577998383,0.47090807782507516,0.0661815678669041,dnn,0.7701666666666666,0.7408424908424909,961.0,0.557694577998383
can_ids,0,A7,3,12,0.557694577998383,0.535711129238166,0.045717405130351954,dnn,0.7701666666666666,0.7408424908424909,961.0,0.557694577998383
can_ids,0,A7,4,12,0.6452311355311355,0.5427492749857684,0.07147080344295866,dnn,0.8360666666666666,0.7573260073260073,241.0,0.6452311355311355
can_ids,0,A7,5,12,0.6452311355311355,0.5653719545480127,0.05003715383008833,dnn,0.8360666666666666,0.7573260073260073,241.0,0.6452311355311355
can_ids,0,A7,6,12,0.6452311355311355,0.5681851134238062,0.08177102990851375,dnn,0.8360666666666666,0.7573260073260073,241.0,0.6452311355311355
can_ids,1,A7,1,12,0.5927288800701269,0.4490603106806684,0.08229498167768011,dnn,0.7538333333333335,0.8058608058608059,513.0,0.5927288800701269
can_ids,1,A7,2,12,0.5951970928272858,0.5121708963472634,0.06947576332713583,dnn,1.0,0.934981684981685,34945.0,0.5951970928272858
can_ids,1,A7,3,12,0.5951970928272858,0.5405273352360888,0.05831282459150183,dnn,1.0,0.934981684981685,34945.0,0.5951970928272858
can_ids,1,A7,4,12,0.5951970928272858,0.5652607837662488,0.023805087173257255,dnn,1.0,0.934981684981685,34945.0,0.5951970928272858
can_ids,1,A7,5,12,0.6178990842490842,0.5728623013162424,0.026253151699354046,dnn,0.8006333333333334,0.7252747252747253,241.0,0.6178990842490842
can_ids,1,A7,6,12,0.6178990842490842,0.5728984247543915,0.0370563728633236,dnn,0.8006333333333334,0.7252747252747253,241.0,0.6178990842490842
can_ids,2,A7,1,12,0.5689006457206127,0.4497022062259419,0.06980443984037489,dnn,0.8485333333333333,0.7912087912087913,3009.0,0.5689006457206127
can_ids,2,A7,2,12,0.5689006457206127,0.48645974749366633,0.055658319645362546,dnn,0.8485333333333333,0.7912087912087913,3009.0,0.5689006457206127
can_ids,2,A7,3,12,0.6039641850054659,0.5110212088760352,0.06646306108646992,dnn,0.9200333333333334,0.8131868131868132,3649.0,0.6039641850054659
can_ids,2,A7,4,12,0.6039641850054659,0.5326463354682563,0.0584121998267928,dnn,0.9200333333333334,0.8131868131868132,3649.0,0.6039641850054659
can_ids,2,A7,5,12,0.6039641850054659,0.5283429721557655,0.06527911797740078,dnn,0.9200333333333334,0.8131868131868132,3649.0,0.6039641850054659
can_ids,2,A7,6,12,0.6039641850054659,0.5523385251364857,0.06149717848845979,dnn,0.9200333333333334,0.8131868131868132,3649.0,0.6039641850054659
can_ids,0,A8,1,12,0.5466404761904762,0.4772390731767029,0.06340599633643451,rf,0.5325666666666667,0.9345238095238095,473.3333333333333,0.5466404761904762
can_ids,0,A8,2,12,0.5466404761904762,0.5214033054669962,0.03352523001811265,rf,0.5325666666666667,0.9345238095238095,473.3333333333333,0.5466404761904762
can_ids,0,A8,3,12,0.5466404761904762,0.5107884539344539,0.03954021128755543,rf,0.5325666666666667,0.9345238095238095,473.3333333333333,0.5466404761904762
can_ids,0,A8,4,12,0.5466404761904762,0.5208824062829295,0.03049466410830465,rf,0.5325666666666667,0.9345238095238095,473.3333333333333,0.5466404761904762
can_ids,0,A8,5,12,0.5466404761904762,0.5299916256697755,0.03439575473517082,rf,0.5325666666666667,0.9345238095238095,473.3333333333333,0.5466404761904762
can_ids,0,A8,6,12,0.5466404761904762,0.5280430866617593,0.057662929514763386,rf,0.5325666666666667,0.9345238095238095,473.3333333333333,0.5466404761904762
can_ids,1,A8,1,12,0.6025212965926935,0.5026222448811115,0.05627910776289979,dnn,0.8486333333333334,0.761904761904762,689.0,0.6025212965926935
can_ids,1,A8,2,12,0.6025212965926935,0.5269750958249176,0.03667191574431474,dnn,0.8486333333333334,0.761904761904762,689.0,0.6025212965926935
can_ids,1,A8,3,12,0.6025212965926935,0.5353292949304722,0.04132413259857611,dnn,0.8486333333333334,0.761904761904762,689.0,0.6025212965926935
can_ids,1,A8,4,12,0.6025212965926935,0.5401904025504219,0.031126959041032725,dnn,0.8486333333333334,0.761904761904762,689.0,0.6025212965926935
can_ids,1,A8,5,12,0.6025212965926935,0.5322516813857566,0.043006877892018,dnn,0.8486333333333334,0.761904761904762,689.0,0.6025212965926935
can_ids,1,A8,6,12,0.6025212965926935,0.5203380757285089,0.05429104515448451,dnn,0.8486333333333334,0.761904761904762,689.0,0.6025212965926935
can_ids,2,A8,1,12,0.5291904718733219,0.4778577922772848,0.04409036700917861,rf,0.5325666666666667,0.9047619047619049,942.6666666666666,0.5291904718733219
can_ids,2,A8,2,12,0.5300493619323743,0.5049365402909881,0.04088630900668106,rf,0.5325666666666667,0.9047619047619049,908.0,0.5300493619323743
can_ids,2,A8,3,12,0.5300493619323743,0.5214718413715302,0.012801569026016183,rf,0.5325666666666667,0.9047619047619049,908.0,0.5300493619323743
can_ids,2,A8,4,12,0.5300493619323743,0.5240349691082854,0.0112960854488142,rf,0.5325666666666667,0.9047619047619049,908.0,0.5300493619323743
can_ids,2,A8,5,12,0.5300493619323743,0.5245567984821462,0.007939968374413704,rf,0.5325666666666667,0.9047619047619049,908.0,0.5300493619323743
can_ids,2,A8,6,12,0.5484261904761905,0.5307550235383659,0.008523898753091896,rf,0.5325666666666667,0.9404761904761905,474.6666666666667,0.5484261904761905
road,0,A0,1,12,0.4413900284336351,0.3837426188291085,0.05096822992934501,rf,0.4765820225920785,0.9741807348560079,31770.5,0.4413900284336351
road,0,A0,2,12,0.4413900284336351,0.41279864912781616,0.01853917781042229,rf,0.4765820225920785,0.9741807348560079,31770.5,0.4413900284336351
road,0,A0,3,12,0.4735825562920175,0.42528325563940195,0.022074044882638113,rf,0.44801642219905635,0.980635551142006,4552.0,0.4735825562920175
road,0,A0,4,12,0.4735825562920175,0.4370093184941311,0.024373963514795902,rf,0.44801642219905635,0.980635551142006,4552.0,0.4735825562920175
road,0,A0,5,12,0.4765174093449306,0.4479294070889038,0.03225135759953983,rf,0.46396563502194554,0.9692154915590865,4884.0,0.4765174093449306
road,0,A0,6,12,0.47809056760863694,0.44220451881809786,0.06408503826330929,rf,0.4635885489678081,0.9738497186362132,4805.5,0.47809056760863694
road,1,A0,1,12,0.4255090433111684,0.39463010917740027,0.03273152828762071,dnn,0.4001590261343444,0.8637868255544521,945.0,0.4255090433111684
road,1,A0,2,12,0.4629350417491842,0.40447113247090744,0.04661658878808142,rf,0.4629393454120172,0.9761668321747765,9460.0,0.4629350417491842
road,1,A0,3,12,0.4629350417491842,0.41678135134215416,0.04477269272732431,rf,0.4629393454120172,0.9761668321747765,9460.0,0.4629350417491842
road,1,A0,4,12,0.47801707625586226,0.39621620687662723,0.09948934920265651,rf,0.464986660488119,0.9698785353515942,4718.5,0.47801707625586226
road,1,A0,5,12,0.47801707625586226,0.4251044421981338,0.07131347194752634,rf,0.464986660488119,0.9698785353515942,4718.5,0.47801707625586226
road,1,A0,6,12,0.47801707625586226,0.4443999219651064,0.05395329284320882,rf,0.464986660488119,0.9698785353515942,4718.5,0.47801707625586226
road,2,A0,1,12,0.4414603000330743,0.4052899996106229,0.02625254433492168,rf,0.4476097521130041,0.9784839457133399,17811.5,0.4414603000330743
road,2,A0,2,12,0.44823161082672636,0.41300361709456124,0.0327491653233429,rf,0.4476563333084904,0.978980470043032,13356.0,0.44823161082672636
road,2,A0,3,12,0.44823161082672636,0.4026374142210161,0.06763197705060112,rf,0.4476563333084904,0.978980470043032,13356.0,0.44823161082672636
road,2,A0,4,12,0.4688341170306869,0.43878525889140924,0.017600841807672414,rf,0.44492538571085416,0.9700430321085733,4557.0,0.4688341170306869
road,2,A0,5,12,0.4688341170306869,0.44323659887888295,0.016705046506212972,rf,0.44492538571085416,0.9700430321085733,4557.0,0.4688341170306869
road,2,A0,6,12,0.4784299633768181,0.4428721451002689,0.03145559476817989,rf,0.4616899970400138,0.9764978483945714,4703.0,0.4784299633768181
road,0,A1,0,2,0.4052965698867922,0.378326653508374,0.02696991637841817,rf,0.5384991206831095,0.977656405163853,619624.0,0.4052965698867922
road,1,A1,0,2,0.4078141450794277,0.3739903764732436,0.03382376860618408,rf,0.5403296490169694,0.9829526646805693,619261.0,0.4078141450794277
road,2,A1,0,2,0.4050207250307595,0.3809527345124253,0.024067990518334192,rf,0.5378455466153995,0.9780701754385965,621605.5,0.4050207250307595
road,0,A2,1,12,0.2699675271938417,0.22478286326429917,0.037464686180677886,rf,0.5399350543876834,,402552.5,0.2699675271938417
road,0,A2,2,12,0.2699675271938417,0.24588823322759548,0.04048264523497572,rf,0.5399350543876834,,402552.5,0.2699675271938417
road,0,A2,3,12,0.2699675271938417,0.23250274602633436,0.04091697048391048,rf,0.5399350543876834,,402552.5,0.2699675271938417
road,0,A2,4,12,0.2699675271938417,0.24234622252207147,0.030126580221502042,rf,0.5399350543876834,,402552.5,0.2699675271938417
road,0,A2,5,12,0.2699675271938417,0.24258359272754074,0.035726747264294215,rf,0.5399350543876834,,402552.5,0.2699675271938417
road,0,A2,6,12,0.2699675271938417,0.25559355307566495,0.036184862142183125,rf,0.5399350543876834,,402552.5,0.2699675271938417
road,1,A2,1,12,0.26807043965409755,0.2276084556398803,0.03158424583433811,rf,0.5361408793081951,,512521.5,0.26807043965409755
road,1,A2,2,12,0.2681340961721657,0.2537776203277203,0.011813884800394763,rf,0.5362681923443314,,476080.0,0.2681340961721657
road,1,A2,3,12,0.2681632005166886,0.25106999579944106,0.02962421112767421,rf,0.5363264010333773,,560572.5,0.2681632005166886
road,1,A2,4,12,0.268340776595379,0.2617576524563548,0.005675588838316921,rf,0.536681553190758,,586196.5,0.268340776595379
road,1,A2,5,12,0.268340776595379,0.26133413053709287,0.007732904654940449,rf,0.536681553190758,,586196.5,0.268340776595379
road,1,A2,6,12,0.268340776595379,0.2639400799660179,0.004365526734971471,rf,0.536681553190758,,586196.5,0.268340776595379
road,2,A2,1,12,0.26111189826877257,0.22087849635537102,0.02516130839994028,rf,0.5222237965375451,,275260.5,0.26111189826877257
road,2,A2,2,12,0.26111189826877257,0.2265619343139783,0.028616768195893323,rf,0.5222237965375451,,275260.5,0.26111189826877257
road,2,A2,3,12,0.26245203457849775,0.24652783330421468,0.014857300832094522,rf,0.5249040691569955,,280214.0,0.26245203457849775
road,2,A2,4,12,0.26600202767545356,0.2382795137550696,0.034431825754645796,rf,0.5320040553509071,,712114.0,0.26600202767545356
road,2,A2,5,12,0.2664880730584894,0.23898814240466193,0.040565403447689864,rf,0.5329761461169789,,453808.0,0.2664880730584894
road,2,A2,6,12,0.2673950529776264,0.24546353049308153,0.02657217328501989,rf,0.5347901059552528,,454288.0,0.2673950529776264
road,0,A3,1,12,0.185573705281554,0.1140202586834614,0.05069244692427315,dnn,0.371147410563108,,401.0,0.185573705281554
road,0,A3,2,12,0.18560117682521274,0.14005520692901133,0.029581741474700884,dnn,0.3712023536504255,,401.0,0.18560117682521274
road,0,A3,3,12,0.19140449059450407,0.15566976230576315,0.027540419441526017,dnn,0.38280898118900814,,401.0,0.19140449059450407
road,0,A3,4,12,0.19140449059450407,0.1605203605657579,0.028746320063740935,dnn,0.38280898118900814,,401.0,0.19140449059450407
road,0,A3,5,12,0.19140449059450407,0.16309864713843272,0.03471792463883662,dnn,0.38280898118900814,,401.0,0.19140449059450407
road,0,A3,6,12,0.19335969516193685,0.18395176448112424,0.012491088002239553,dnn,0.3867193903238737,,401.0,0.19335969516193685
road,1,A3,1,12,0.16637299564483277,0.12525738491391145,0.02486536379303367,dnn,0.4001590261343444,,945.0,0.16637299564483277
road,1,A3,2,12,0.19663851920513267,0.14495893392047626,0.027156274296274527,dnn,0.41274028902787063,,529.0,0.19663851920513267
road,1,A3,3,12,0.19663851920513267,0.14372307746137292,0.03965488143072471,dnn,0.41274028902787063,,529.0,0.19663851920513267
road,1,A3,4,12,0.19663851920513267,0.16727775406298143,0.024443426249431747,dnn,0.41274028902787063,,529.0,0.19663851920513267
road,1,A3,5,12,0.19663851920513267,0.17089117863679162,0.024664201290145463,dnn,0.41274028902787063,,529.0,0.19663851920513267
road,1,A3,6,12,0.22994333052054666,0.18597882392302678,0.01951004777189872,dnn,0.5136366537119721,,801.0,0.22994333052054666
road,2,A3,1,12,0.17780337805065333,0.13555315750535976,0.02435734895906013,dnn,0.37507000671891194,,529.0,0.17780337805065333
road,2,A3,2,12,0.17780337805065333,0.1501787493263139,0.024539151129853828,dnn,0.37507000671891194,,529.0,0.17780337805065333
road,2,A3,3,12,0.1803680124379837,0.14824197670057151,0.026599610785496726,dnn,0.3801992754935727,,529.0,0.1803680124379837
road,2,A3,4,12,0.19362827035556213,0.15858762893634482,0.02317947558190037,dnn,0.38725654071112425,,401.0,0.19362827035556213
road,2,A3,5,12,0.19362827035556213,0.1632743072257471,0.030812521483903395,dnn,0.38725654071112425,,401.0,0.19362827035556213
road,2,A3,6,12,0.19362827035556213,0.16186962611932645,0.034908344145215195,dnn,0.38725654071112425,,401.0,0.19362827035556213
road,0,A4,1,12,0.5637857992891744,0.4945052234099463,0.061964065497903245,rf,0.5399350543876834,0.9793942403177756,402552.5,0.5637857992891744
road,0,A4,2,12,0.5637857992891744,0.5371025804388037,0.04324871164244894,rf,0.5399350543876834,0.9793942403177756,402552.5,0.5637857992891744
road,0,A4,3,12,0.5637857992891744,0.5193655713727425,0.04768695689261373,rf,0.5399350543876834,0.9793942403177756,402552.5,0.5637857992891744
road,0,A4,4,12,0.5637857992891744,0.5220264638636112,0.04928865526585888,rf,0.5399350543876834,0.9793942403177756,402552.5,0.5637857992891744
road,0,A4,5,12,0.5637857992891744,0.525258203524892,0.055953273555316034,rf,0.5399350543876834,0.9793942403177756,402552.5,0.5637857992891744
road,0,A4,6,12,0.5637857992891744,0.5467526538561275,0.044948784099601034,rf,0.5399350543876834,0.9793942403177756,402552.5,0.5637857992891744
road,1,A4,1,12,0.5623852360791224,0.4969811799033692,0.052661739709080384,rf,0.5361408793081951,0.9810493214167495,512521.5,0.5623852360791224
road,1,A4,2,12,0.5623852360791224,0.5415631218172933,0.02124298620341881,rf,0.5361408793081951,0.9810493214167495,512521.5,0.5623852360791224
road,1,A4,3,12,0.5623852360791224,0.5412579833592064,0.037447189690188995,rf,0.5361408793081951,0.9810493214167495,512521.5,0.5623852360791224
road,1,A4,4,12,0.5623852360791224,0.5546072578237098,0.0067901199016015745,rf,0.5361408793081951,0.9810493214167495,512521.5,0.5623852360791224
road,1,A4,5,12,0.5623852360791224,0.553139607986986,0.008412813253123503,rf,0.5361408793081951,0.9810493214167495,512521.5,0.5623852360791224
road,1,A4,6,12,0.5623852360791224,0.5555142526561758,0.005838011514714658,rf,0.5361408793081951,0.9810493214167495,512521.5,0.5623852360791224
road,2,A4,1,12,0.5541605576530824,0.49061533846063415,0.04601194653431836,rf,0.5222237965375451,0.9768288646143661,275260.5,0.5541605576530824
road,2,A4,2,12,0.5557737823441382,0.5242703323610515,0.03804356878276816,rf,0.5249040691569955,0.9777391592188016,280214.0,0.5557737823441382
road,2,A4,3,12,0.5606285110729199,0.5392486115360882,0.027975898320821126,rf,0.5361527520366045,0.9751737835153922,1001167.5,0.5606285110729199
road,2,A4,4,12,0.5618628430215482,0.5454158924769398,0.028418565311972926,rf,0.5368835807799384,0.9780701754385965,804664.5,0.5618628430215482
road,2,A4,5,12,0.5618628430215482,0.5413633932444868,0.04682501867265811,rf,0.5368835807799384,0.9780701754385965,804664.5,0.5618628430215482
road,2,A4,6,12,0.5618628430215482,0.548792640439389,0.01534215210604008,rf,0.5368835807799384,0.9780701754385965,804664.5,0.5618628430215482
road,0,A5,0,2,0.26924956034155473,0.23442797154596515,0.03482158879558958,rf,0.5384991206831095,,619624.0,0.26924956034155473
road,1,A5,0,2,0.2701648245084847,0.23058150225518154,0.039583322253303174,rf,0.5403296490169694,,619261.0,0.2701648245084847
road,2,A5,0,2,0.26892277330769976,0.23213781681363754,0.036784956494062215,rf,0.5378455466153995,,621605.5,0.26892277330769976
road,0,A6,1,12,0.3872496829130355,0.3389162894360532,0.0370869597222185,rf,0.3524410395247947,1.0,31516.0,0.3872496829130355
road,0,A6,2,12,0.42652566472325204,0.3636915615549139,0.026311260494956315,dnn,0.2530513294465041,1.0,81.0,0.42652566472325204
road,0,A6,3,12,0.42652566472325204,0.38747767974292485,0.02576907147486106,dnn,0.2530513294465041,1.0,81.0,0.42652566472325204
road,0,A6,4,12,0.43046204042061487,0.4015944787502445,0.03445965814282468,dnn,0.2609240808412297,1.0,81.0,0.43046204042061487
road,0,A6,5,12,0.43046204042061487,0.3982912861501364,0.056517386501743684,dnn,0.2609240808412297,1.0,81.0,0.43046204042061487
road,0,A6,6,12,0.43046204042061487,0.42678184581398,0.00199937430474271,dnn,0.2609240808412297,1.0,81.0,0.43046204042061487
road,1,A6,1,12,0.37207683804221164,0.32265039511214594,0.06568010420556199,dnn,0.26452466876801867,1.0,641.0,0.37207683804221164
road,1,A6,2,12,0.40922428439228836,0.3560209896381834,0.04055504220244593,rf,0.34224111548791863,1.0,9673.5,0.40922428439228836
road,1,A6,3,12,0.4241321407536885,0.38068767805111947,0.027204941847903563,rf,0.3405833709717746,1.0,4869.0,0.4241321407536885
road,1,A6,4,12,0.4241321407536885,0.3909602125684288,0.025448281854966073,rf,0.3405833709717746,1.0,4869.0,0.4241321407536885
road,1,A6,5,12,0.42444503169165076,0.40526134001256037,0.021802431576946467,rf,0.3416868676112337,1.0,4920.0,0.42444503169165076
road,1,A6,6,12,0.42444503169165076,0.40615112630625777,0.03686749516357644,rf,0.3416868676112337,1.0,4920.0,0.42444503169165076
road,2,A6,1,12,0.39291767965643737,0.33811376621943,0.05473582814626431,rf,0.3415751566847728,1.0,19418.5,0.39291767965643737
road,2,A6,2,12,0.40828478933620965,0.37635432812269737,0.019405256889373317,rf,0.3407420647773753,1.0,9754.0,0.40828478933620965
road,2,A6,3,12,0.40828478933620965,0.38853939016243194,0.025161516145188356,rf,0.3407420647773753,1.0,9754.0,0.40828478933620965
road,2,A6,4,12,0.42014030550272513,0.40083102976430074,0.018166311052833197,dnn,0.27209883718882416,1.0,161.0,0.42014030550272513
road,2,A6,5,12,0.42014030550272513,0.39656154944689864,0.024857342233217873,dnn,0.27209883718882416,1.0,161.0,0.42014030550272513
road,2,A6,6,12,0.4234872902376378,0.3916941264229415,0.04695537605189491,rf,0.3392936699396733,1.0,4869.0,0.4234872902376378
road,0,A7,1,12,0.43066300727858325,0.36618232269202705,0.04990455339887886,rf,0.4856822569349596,0.9294871794871795,34469.5,0.43066300727858325
road,0,A7,2,12,0.43066300727858325,0.38794283781177424,0.03310179491263033,rf,0.4856822569349596,0.9294871794871795,34469.5,0.43066300727858325
road,0,A7,3,12,0.43066300727858325,0.4079614357606862,0.017802568383185873,rf,0.4856822569349596,0.9294871794871795,34469.5,0.43066300727858325
road,0,A7,4,12,0.43608428725847537,0.40790093612879463,0.0463243938330195,dnn,0.445064226269138,0.7568681318681318,369.0,0.43608428725847537
road,0,A7,5,12,0.43608428725847537,0.4154549743165968,0.03042775856326349,dnn,0.445064226269138,0.7568681318681318,369.0,0.43608428725847537
road,0,A7,6,12,0.43608428725847537,0.42641663010549663,0.008416665563779556,dnn,0.445064226269138,0.7568681318681318,369.0,0.43608428725847537
road,1,A7,1,12,0.4354975930380069,0.3607031515324471,0.08797665273453388,dnn,0.4489861438844779,0.7898351648351649,513.0,0.4354975930380069
road,1,A7,2,12,0.44875950600411985,0.3850782150708947,0.07245633577640828,rf,0.4623933746470236,0.9290293040293041,9362.0,0.44875950600411985
road,1,A7,3,12,0.45481245292768996,0.41245479786250777,0.052863644179332536,rf,0.44715880857839646,0.9194139194139195,4547.0,0.45481245292768996
road,1,A7,4,12,0.46204187906814376,0.42360013841585026,0.04117586179108923,rf,0.46117770125228796,0.9226190476190477,4696.5,0.46204187906814376
road,1,A7,5,12,0.46204187906814376,0.44466084934487554,0.03035587433424788,rf,0.46117770125228796,0.9226190476190477,4696.5,0.46204187906814376
road,1,A7,6,12,0.46204187906814376,0.44447249435437164,0.03498463221794389,rf,0.46117770125228796,0.9226190476190477,4696.5,0.46204187906814376
road,2,A7,1,12,0.4210950667311998,0.37645036899747364,0.0299282152049421,rf,0.4497424337380358,0.908882783882784,18245.0,0.4210950667311998
road,2,A7,2,12,0.44304448360102233,0.4108108199543727,0.02511330885946843,rf,0.44965697007656746,0.9290293040293041,9099.0,0.44304448360102233
road,2,A7,3,12,0.4435556581187508,0.42179308364506624,0.025617707405146104,rf,0.45113341404064744,0.9308608058608059,9412.5,0.4435556581187508
road,2,A7,4,12,0.4435556581187508,0.4314473284893912,0.020167176307821253,rf,0.45113341404064744,0.9308608058608059,9412.5,0.4435556581187508
road,2,A7,5,12,0.4435556581187508,0.43115803995995505,0.021048637635677384,rf,0.45113341404064744,0.9308608058608059,9412.5,0.4435556581187508
road,2,A7,6,12,0.4527020941567618,0.43748587336100203,0.010040499315623872,rf,0.450022967760883,0.9102564102564101,4707.5,0.4527020941567618
road,0,A8,1,12,0.372492266681967,0.3111942776847328,0.044821301456153304,rf,0.25569881907821973,0.8154761904761905,647.0,0.372492266681967
road,0,A8,2,12,0.38993241701836434,0.34277645134519236,0.025585733293390367,dnn,0.30486483403672865,0.7916666666666667,145.0,0.38993241701836434
road,0,A8,3,12,0.38993241701836434,0.3566299182059036,0.025309023578619638,dnn,0.30486483403672865,0.7916666666666667,145.0,0.38993241701836434
road,0,A8,4,12,0.40548543713033336,0.3603420370609109,0.03289030006896142,dnn,0.3056137314035238,0.8422619047619049,145.0,0.40548543713033336
road,0,A8,5,12,0.40548543713033336,0.3509265639229839,0.04839551039490522,dnn,0.3056137314035238,0.8422619047619049,145.0,0.40548543713033336
road,0,A8,6,12,0.40548543713033336,0.3596954440953472,0.038142908256626695,dnn,0.3056137314035238,0.8422619047619049,145.0,0.40548543713033336
road,1,A8,1,12,0.33427569948012137,0.30543239843799297,0.04522147760811223,rf,0.25569881907821973,0.7886904761904763,2425.0,0.33427569948012137
road,1,A8,2,12,0.3914012586794471,0.3415642821863816,0.020696785965047548,dnn,0.30165154593121285,0.8690476190476191,289.0,0.3914012586794471
road,1,A8,3,12,0.3914012586794471,0.34451573940602415,0.02826269626453232,dnn,0.30165154593121285,0.8690476190476191,289.0,0.3914012586794471
road,1,A8,4,12,0.3922941158223042,0.3596912596597505,0.022492916433887088,dnn,0.30165154593121285,0.8720238095238095,289.0,0.3922941158223042
road,1,A8,5,12,0.3922941158223042,0.3730600551143757,0.013690659120975137,dnn,0.30165154593121285,0.8720238095238095,289.0,0.3922941158223042
road,1,A8,6,12,0.3922941158223042,0.36417686809237754,0.029843996734709582,dnn,0.30165154593121285,0.8720238095238095,289.0,0.3922941158223042
road,2,A8,1,12,0.33088505027018666,0.2872350892702394,0.037847235969851296,dnn,0.2998702391158008,0.6636904761904762,273.0,0.33088505027018666
road,2,A8,2,12,0.37480553611836226,0.31730827367519776,0.022550106561504888,dnn,0.30238867223761473,0.8125,289.0,0.37480553611836226
road,2,A8,3,12,0.37480553611836226,0.3233208407077267,0.02354976585963928,dnn,0.30238867223761473,0.8125,289.0,0.37480553611836226
road,2,A8,4,12,0.37480553611836226,0.3397229988492432,0.020105583536426948,dnn,0.30238867223761473,0.8125,289.0,0.37480553611836226
road,2,A8,5,12,0.37480553611836226,0.33501734706253644,0.026490872257699832,dnn,0.30238867223761473,0.8125,289.0,0.37480553611836226
road,2,A8,6,12,0.37480553611836226,0.3435083662772717,0.02434591572375785,dnn,0.30238867223761473,0.8125,289.0,0.37480553611836226
