weights,alpha,beta,gamma,seed,dataset,selected_family,selected_config_id,selected_accuracy,selected_shap_consistency,selected_complexity,selected_complexity_norm,fitness,is_default
α=1 β=0 γ=0,1.0,0.0,0.0,0,car_hacking,rf,rf-a6e30e8546,0.9281427153140483,,27931.0,0.43101344065725317,0.9281427153140483,False
α=1 β=0 γ=0,1.0,0.0,0.0,1,car_hacking,dnn,dnn-fea43ce003,0.9373346802928246,,52737.0,0.9994952280299526,0.9373346802928246,False
α=1 β=0 γ=0,1.0,0.0,0.0,2,car_hacking,dnn,dnn-ec9d55eb3f,0.9441898637289108,,3649.0,0.4476677000726806,0.9441898637289108,False
α=0.8 β=0.1 γ=0.1,0.8,0.1,0.1,0,car_hacking,dnn,dnn-1a23f9d690,0.8990550272014856,0.8091601615389346,401.0,0.0,0.800160037915082,False
α=0.8 β=0.1 γ=0.1,0.8,0.1,0.1,1,car_hacking,dnn,dnn-257de3b666,0.9371555825063821,0.8424781677376834,1217.0,0.22079650758920377,0.8118926320199537,False
α=0.8 β=0.1 γ=0.1,0.8,0.1,0.1,2,car_hacking,rf,rf-43cf8fa0dd,0.9201932955705912,0.9523809523809523,3753.0,0.20095955136703425,0.8112967765578647,False
α=0.6 β=0.25 γ=0.15,0.6,0.25,0.15,0,car_hacking,dnn,dnn-5be3316d00,0.8888542307750114,0.8883223005432666,401.0,0.0,0.7553931136008234,False
α=0.6 β=0.25 γ=0.15,0.6,0.25,0.15,1,car_hacking,dnn,dnn-fcf3d3e17a,0.8883053969541814,0.8880375679683639,529.0,0.04865812654401318,0.7476939111829978,False
α=0.6 β=0.25 γ=0.15,0.6,0.25,0.15,2,car_hacking,rf,rf-43cf8fa0dd,0.9201932955705912,0.9523809523809523,3753.0,0.20095955136703425,0.7600672827325375,False
α=0.5 β=0.3 γ=0.2,0.5,0.3,0.2,0,car_hacking,dnn,dnn-5be3316d00,0.8888542307750114,0.8883223005432666,401.0,0.0,0.7109238055504856,True
α=0.5 β=0.3 γ=0.2,0.5,0.3,0.2,1,car_hacking,dnn,dnn-fcf3d3e17a,0.8883053969541814,0.8880375679683639,529.0,0.04865812654401318,0.7008323435587972,True
α=0.5 β=0.3 γ=0.2,0.5,0.3,0.2,2,car_hacking,rf,rf-43cf8fa0dd,0.9201932955705912,0.9523809523809523,3753.0,0.20095955136703425,0.7056190232261744,True
α=0.4 β=0.4 γ=0.2,0.4,0.4,0.2,0,car_hacking,dnn,dnn-5be3316d00,0.8888542307750114,0.8883223005432666,401.0,0.0,0.7108706125273112,False
α=0.4 β=0.4 γ=0.2,0.4,0.4,0.2,1,car_hacking,rf,rf-8937fa8d22,0.9103957046161129,0.9435656615587411,3494.5,0.1927799999821576,0.7030285464735101,False
α=0.4 β=0.4 γ=0.2,0.4,0.4,0.2,2,car_hacking,rf,rf-43cf8fa0dd,0.9201932955705912,0.9523809523809523,3753.0,0.20095955136703425,0.7088377889072105,False
α=0.34 β=0.33 γ=0.33,0.34,0.33,0.33,0,car_hacking,dnn,dnn-6885c7a40a,0.8888755872094423,0.888075122501901,401.0,0.0,0.5952824900768376,False
α=0.34 β=0.33 γ=0.33,0.34,0.33,0.33,1,car_hacking,dnn,dnn-6dafc2210d,0.8840205643083986,0.8596144340088976,401.0,0.0,0.5842397550877918,False
α=0.34 β=0.33 γ=0.33,0.34,0.33,0.33,2,car_hacking,dnn,dnn-d89b355b95,0.8766771901140233,0.8821881693854012,401.0,0.0,0.5891923405359504,False
α=0.3 β=0.5 γ=0.2,0.3,0.5,0.2,0,car_hacking,dnn,dnn-5be3316d00,0.8888542307750114,0.8883223005432666,401.0,0.0,0.7108174195041367,False
α=0.3 β=0.5 γ=0.2,0.3,0.5,0.2,1,car_hacking,dnn,dnn-56790c5dac,0.8676689455614685,0.9197561377492174,529.0,0.04865812654401318,0.7104471272342465,False
α=0.3 β=0.5 γ=0.2,0.3,0.5,0.2,2,car_hacking,rf,rf-5f153b1bdc,0.9201932955705912,0.9523809523809523,3753.0,0.20095955136703425,0.7120565545882466,False
α=0.4 β=0.2 γ=0.4,0.4,0.2,0.4,0,car_hacking,dnn,dnn-6885c7a40a,0.8888755872094423,0.888075122501901,401.0,0.0,0.5331652593841572,False
α=0.4 β=0.2 γ=0.4,0.4,0.2,0.4,1,car_hacking,dnn,dnn-6dafc2210d,0.8840205643083986,0.8596144340088976,401.0,0.0,0.525531112525139,False
α=0.4 β=0.2 γ=0.4,0.4,0.2,0.4,2,car_hacking,dnn,dnn-2e49db8942,0.899932973181337,0.8460207612456747,401.0,0.0,0.5291773415216698,False
